Ni,Ti,Hf,Co,Cu,Zr,Fe,en_p,ea,valence,pettifor,rad_ionic,rad_slater,rad_clementi,?H,?S,size_diff,rad_Waber,atom_number,atom_mass,T,a,b,c,beta,ref,ac,α,β,γ,λ1,λ2,λ3,ΔV/V,εRMS,Ms
0,0,0,0,0,100,0,1.33,0.426,4,0.76,0.84,1.55,2.06,0,0,0,0.79,40,91.2,25,5.1462,5.2042,5.312,99.243,Gaillard-Allemand2002,,,,,,,,,,
25,16.67,16.67,10,15,16.67,0,1.651473,0.6234835,7.0504,0.9440775,0.773747,1.42515,1.72553,-37.32652244,14.61068271,0.063252842,0.5138536,36.3878,82.85889,25,3.135,4.128,4.975,102.5,Chih-Hsuan2018,3.144,0.997137405,0.92841501,1.118911017,0.92841501,0.921639034,1.023970466,0.011286534,0.109,
50,35,0,0,0,15,0,1.6985,0.66955,7,0.9355,0.73,1.3975,1.67,-49.49,8.302188563,0.048630688,0.45215,27.7,59.43,25,3.055,4.117,4.89,102.31,WC-Kim2019,3.094,0.987394958,0.940904531,1.117566955,0.940904531,0.916354189,1.036363057,0.014397815,0.109,141
47,35,0,0,3,15,0,1.6979,0.67171,7.03,0.9388,0.7312,1.3975,1.6688,-47.7044,9.245692554,0.048630688,0.45176,27.73,59.577,25,3.062,4.123,4.862,101.1,WC-Kim2019,3.097,0.988698741,0.941363015,1.110091434,0.941363015,0.926381548,1.027993398,0.013860997,0.098,97.9
45,35,0,0,5,15,0,1.6975,0.67315,7.05,0.941,0.732,1.3975,1.668,-46.53,9.653558483,0.048630688,0.4515,27.75,59.675,25,3.066,4.128,4.844,100.55,WC-Kim2019,3.099,0.989351404,0.941896351,1.105267908,0.941896351,0.930630615,1.024501622,0.01255112,0.094,79
40,35,0,0,10,15,0,1.6965,0.67675,7.1,0.9465,0.734,1.3975,1.666,-43.65,10.38236144,0.048630688,0.45085,27.8,59.92,25,3.075,4.138,4.801,98.79,WC-Kim2019,3.105,0.990338164,0.942353578,1.093339664,0.942353578,0.943857103,1.011796991,0.0083738,0.081,-6
35,35,0,0,15,15,0,1.6955,0.68035,7.15,0.952,0.736,1.3975,1.664,-40.85,10.84155147,0.048630688,0.4502,27.85,60.165,25,3.084,4.148,4.757,97.09,WC-Kim2019,3.11,0.991639871,0.943112196,1.0815778,0.943112196,0.956380856,0.999622532,0.003786867,0.072,-83.9
25,20,15,0,25,15,0,1.6605,0.6757,7.25,0.96075,0.7535,1.42,1.708,-33.33,13.17079569,0.061392943,0.4999,35.45,80.38,-100,3.331,4.216,4.781,100.3,Shaohui2021,3.172,1.050126103,0.939836756,1.065787365,0.939836756,0.958400538,1.02040575,0.034924822,0.076,
25,16.67,16.67,0,25,16.67,0,1.653473,0.6801835,7.2504,0.9600775,0.756747,1.42515,1.71853,-33.61912244,13.21182796,0.063252842,0.5106536,36.5878,83.31889,25,3.172,4.138,5.007,102.65,Shan-Hsiu2019,3.166,1.001895136,0.92419705,1.118282897,0.92419705,0.923329857,1.020388383,0.010337372,0.11,
25,16.67,16.67,0,25,16.67,0,1.653473,0.6801835,7.2504,0.9600775,0.756747,1.42515,1.71853,-33.61912244,13.21182796,0.063252842,0.5106536,36.5878,83.31889,25,3.155,4.167,4.967,100.95,Shan-Hsiu2019,3.167,0.996210925,0.930380157,1.108998858,0.930380157,0.932761791,1.014904584,0.009166701,0.098,
35,25,12.5,0,15,12.5,0,1.67325,0.6618,7.15,0.950875,0.74475,1.4125,1.6965,-37.81,12.62430781,0.058030429,0.485175,33.65,75.4975,25,3.107,4.135,4.91,101.34,Shan-Hsiu2021,3.136,0.990752551,0.932361779,1.10710915,0.932361779,0.925107173,1.019916297,0.002715638,0.103,
35,20,15,0,15,15,0,1.6625,0.6685,7.15,0.94975,0.7495,1.42,1.712,-38.63,12.82874576,0.061392943,0.5012,35.35,79.89,25,3.1464,4.1286,4.9308,101.59,Shan-Hsiu2023,,,,,,,,,,
35,35,0,0,15,15,0,1.6955,0.68035,7.15,0.952,0.736,1.3975,1.664,-40.85,10.84155147,0.048630688,0.4502,27.85,60.165,25,3.084,4.148,4.757,97.1,yenting2022,,,,,,,,,,
25,20,15,0,25,15,0,1.6605,0.6757,7.25,0.96075,0.7535,1.42,1.708,-33.33,13.17079569,0.061392943,0.4999,35.45,80.38,25,3.331,4.216,4.781,100.3,yenting2022,,,,,,,,,,
49.9,50.1,0,0,0,0,0,1.72962,0.616423,6.994,0.9397,0.71505,1.37505,1.62527,-34.99986,5.762809031,0.018181121,0.407164,24.994,52.7884,25,4.67,4.14,2.91,97.55,s. qiu2009,,,,,,,,,,
50.7,49.3,0,0,0,0,0,1.73266,0.625039,7.042,0.9421,0.71465,1.37465,1.62311,-34.99314,5.762010861,0.018184665,0.405852,25.042,52.8812,-28,2.8934,4.6354,4.127,97.18,"J, khalil2003",3.0166,0.959159318,1.086561948,0.967390335,1.086561948,0.900928174,1.152466279,0.000294765,0.201,
50.7,49.3,0,0,0,0,0,1.73266,0.625039,7.042,0.9421,0.71465,1.37465,1.62311,-34.99314,5.762010861,0.018184665,0.405852,25.042,52.8812,21,2.893,4.633,4.134,96.96,"J, khalil2003",3.0173,0.958804229,1.085747429,0.968806361,1.085747429,0.903312453,1.149650363,0.001114063,0.198,
50.7,49.3,0,0,0,0,0,1.73266,0.625039,7.042,0.9421,0.71465,1.37465,1.62311,-34.99314,5.762010861,0.018184665,0.405852,25.042,52.8812,25,2.8964,4.6234,4.1351,96.76,"J, khalil2003",3.0176,0.959835631,1.083389943,0.968967806,1.083389943,0.905682621,1.145379769,0.000601673,0.192,
50,50,0,0,0,0,0,1.73,0.6175,7,0.94,0.715,1.375,1.625,-35,5.762825659,0.018181818,0.407,25,52.8,25,4.646,4.108,2.898,97.78,Guowu Ren2016,,,,,,,,,,
49.75,50.25,0,0,0,0,0,1.72905,0.6148075,6.985,0.93925,0.715125,1.375125,1.625675,-34.999125,5.762721734,0.018179938,0.40741,24.985,52.771,23,2.87,4.11,4.6,97.4,Dautovich1965,,,,,,,,,,
50,50,0,0,0,0,0,1.73,0.6175,7,0.94,0.715,1.375,1.625,-35,5.762825659,0.018181818,0.407,25,52.8,20,2.904,4.121,4.649,97.9,Zijderveld 1968,,,,,,,,,,
49.75,50.25,0,0,0,0,0,1.72905,0.6148075,6.985,0.93925,0.715125,1.375125,1.625675,-34.999125,5.762721734,0.018179938,0.40741,24.985,52.771,-192,2.874,4.113,4.63,97,Otsuka1971,,,,,,,,,,
49.75,50.25,0,0,0,0,0,1.72905,0.6148075,6.985,0.93925,0.715125,1.375125,1.625675,-34.999125,5.762721734,0.018179938,0.40741,24.985,52.771,-53,2.88,4.148,4.621,96.4,Otsuka1971,,,,,,,,,,
49.75,50.25,0,0,0,0,0,1.72905,0.6148075,6.985,0.93925,0.715125,1.375125,1.625675,-34.999125,5.762721734,0.018179938,0.40741,24.985,52.771,-178,2.872,4.124,4.632,96.9,Otsuka1971,,,,,,,,,,
49.8,50.2,0,0,0,0,0,1.72924,0.615346,6.988,0.9394,0.7151,1.3751,1.62554,-34.99944,5.762759147,0.018180351,0.407328,24.988,52.7768,20,2.893,4.12,4.657,97.6,Monasevich1979 ,,,,,,,,,,
50.3,49.7,0,0,0,0,0,1.73114,0.620731,7.018,0.9409,0.71485,1.37485,1.62419,-34.99874,5.762676006,0.018183475,0.406508,25.018,52.8348,20,2.889,4.12,4.622,96.8,Monasevich1980,,,,,,,,,,
50,50,0,0,0,0,0,1.73,0.6175,7,0.94,0.715,1.375,1.625,-35,5.762825659,0.018181818,0.407,25,52.8,20,2.909,4.141,4.639,96.8,Tadaki1980,,,,,,,,,,
49.2,50.8,0,0,0,0,0,1.72696,0.608884,6.952,0.9376,0.7154,1.3754,1.62716,-34.99104,5.761761422,0.018174204,0.408312,24.952,52.7072,-263,2.884,4.11,4.665,98.1,Buhrer1983,,,,,,,,,,
51,49,0,0,0,0,0,1.7338,0.62827,7.06,0.943,0.7145,1.3745,1.6223,-34.986,5.761162748,0.018184794,0.40536,25.06,52.916,-45,2.887,4.114,4.634,96.7,Savvinov1984,,,,,,,,,,
51,49,0,0,0,0,0,1.7338,0.62827,7.06,0.943,0.7145,1.3745,1.6223,-34.986,5.761162748,0.018184794,0.40536,25.06,52.916,-150,2.898,4.143,4.653,97.3,Savvinov1984,,,,,,,,,,
49.2,50.8,0,0,0,0,0,1.72696,0.608884,6.952,0.9376,0.7154,1.3754,1.62716,-34.99104,5.761761422,0.018174204,0.408312,24.952,52.7072,20,2.898,4.108,4.646,97.78,Kudoh1985,,,,,,,,,,
48.5,51.5,0,0,0,0,0,1.7243,0.601345,6.91,0.9355,0.71575,1.37575,1.62905,-34.9685,5.759083798,0.018163727,0.40946,24.91,52.626,20,2.9,4.11,4.66,97.8,Khachin1992,,,,,,,,,,
50,50,0,0,0,0,0,1.73,0.6175,7,0.94,0.715,1.375,1.625,-35,5.762825659,0.018181818,0.407,25,52.8,20,2.89,4.12,4.64,97.3,Khachin1992,,,,,,,,,,
50.5,49.5,0,0,0,0,0,1.7319,0.622885,7.03,0.9415,0.71475,1.37475,1.62365,-34.9965,5.762409952,0.018184215,0.40618,25.03,52.858,-50,2.89,4.15,4.64,97.1,Khachin1992,,,,,,,,,,
50.1,49.9,0,0,0,0,0,1.73038,0.618577,7.006,0.9403,0.71495,1.37495,1.62473,-34.99986,5.762809031,0.018182443,0.406836,25.006,52.8116,21,2.904,4.141,4.654,97.1,Mironov1994,,,,,,,,,,
50.1,49.9,0,0,0,0,0,1.73038,0.618577,7.006,0.9403,0.71495,1.37495,1.62473,-34.99986,5.762809031,0.018182443,0.406836,25.006,52.8116,74,2.902,4.155,4.632,96.6,Mironov1994,,,,,,,,,,
50.5,49.5,0,0,0,0,0,1.7319,0.622885,7.03,0.9415,0.71475,1.37475,1.62365,-34.9965,5.762409952,0.018184215,0.40618,25.03,52.858,20,2.886,4.138,4.629,96.7,Gundyrev1999,,,,,,,,,,
50.5,49.5,0,0,0,0,0,1.7319,0.622885,7.03,0.9415,0.71475,1.37475,1.62365,-34.9965,5.762409952,0.018184215,0.40618,25.03,52.858,-20,2.883,4.132,4.636,96.9,Gundyrev1999,,,,,,,,,,
50.5,49.5,0,0,0,0,0,1.7319,0.622885,7.03,0.9415,0.71475,1.37475,1.62365,-34.9965,5.762409952,0.018184215,0.40618,25.03,52.858,-71,2.8815,4.1232,4.6256,97,Lukas2002,,,,,,,,,,
50,50,0,0,0,0,0,1.73,0.6175,7,0.94,0.715,1.375,1.625,-35,5.762825659,0.018181818,0.407,25,52.8,20,2.909,4.1135,4.657,97.9,Prokoshkin2004,,,,,,,,,,
50.7,49.3,0,0,0,0,0,1.73266,0.625039,7.042,0.9421,0.71465,1.37465,1.62311,-34.99314,5.762010861,0.018184665,0.405852,25.042,52.8812,20,2.882,4.143,4.614,96.35,Prokoshkin2004,,,,,,,,,,
50,50,0,0,0,0,0,1.73,0.6175,7,0.94,0.715,1.375,1.625,-35,5.762825659,0.018181818,0.407,25,52.8,50,2.91,4.123,4.654,97.8,Prokoshkin2004,,,,,,,,,,
50.7,49.3,0,0,0,0,0,1.73266,0.625039,7.042,0.9421,0.71465,1.37465,1.62311,-34.99314,5.762010861,0.018184665,0.405852,25.042,52.8812,-12,2.882,4.128,4.623,96.7,Prokoshkin2004,,,,,,,,,,
50.7,49.3,0,0,0,0,0,1.73266,0.625039,7.042,0.9421,0.71465,1.37465,1.62311,-34.99314,5.762010861,0.018184665,0.405852,25.042,52.8812,-28,2.8934,4.127,4.6354,97.18,Khalil2004,,,,,,,,,,
50.7,49.3,0,0,0,0,0,1.73266,0.625039,7.042,0.9421,0.71465,1.37465,1.62311,-34.99314,5.762010861,0.018184665,0.405852,25.042,52.8812,21,2.893,4.134,4.633,96.96,Khalil2004,,,,,,,,,,
50.7,49.3,0,0,0,0,0,1.73266,0.625039,7.042,0.9421,0.71465,1.37465,1.62311,-34.99314,5.762010861,0.018184665,0.405852,25.042,52.8812,25,2.8964,4.1351,4.6234,96.76,Khalil2004,,,,,,,,,,
50.7,49.3,0,0,0,0,0,1.73266,0.625039,7.042,0.9421,0.71465,1.37465,1.62311,-34.99314,5.762010861,0.018184665,0.405852,25.042,52.8812,-38,2.8786,4.134,4.6215,96.65,Khalil2004,,,,,,,,,,
50.7,49.3,0,0,0,0,0,1.73266,0.625039,7.042,0.9421,0.71465,1.37465,1.62311,-34.99314,5.762010861,0.018184665,0.405852,25.042,52.8812,-8,2.8792,4.1394,4.614,96.47,Khalil2004,,,,,,,,,,
51,49,0,0,0,0,0,1.7338,0.62827,7.06,0.943,0.7145,1.3745,1.6223,-34.986,5.761162748,0.018184794,0.40536,25.06,52.916,-150,2.89,4.14,4.65,97.1,Khachin1992,,,,,,,,,,
37,53.5,0,0,9.5,0,0,1.7148,0.586645,6.885,0.93995,0.72055,1.37675,1.63065,-28.9803,7.699829461,0.018114164,0.411505,24.885,52.8595,-87,3.031,4.254,4.823,96.96,Miyazaki1996,3.032,0.999670185,0.992095068,1.124794197,0.992095068,0.970519786,1.050485983,0.107314348,0.059,
49.5,34.9,15.6,0,0,0,0,1.69378,0.599791,6.97,0.93616,0.72929,1.39865,1.67627,-37.15866,8.358077074,0.049253836,0.46086,32.77,73.256,25,3.01,4.07,4.79,101.86,Sanjabi2005,3.08,0.977272727,0.934391104,1.099688793,0.934391104,0.909584442,1.025926118,-0.017250405,0.115,
49.8,42.2,8,0,0,0,0,1.71164,0.609026,6.988,0.9382,0.7223,1.3871,1.65114,-36.11496,7.593359668,0.038679614,0.434528,28.988,63.2968,25,2.97,4.1,4.75,100.2,F. Dalle2001,,,,,,,,,,
48.5,36.5,15,0,0,0,0,1.6913,0.589495,6.91,0.93325,0.72925,1.39825,1.67705,-37.0055,8.342144875,0.048423726,0.46046,32.41,72.351,25,2.93,4.11,4.73,100.4,X. D. HAN1995,3.09,0.948220065,0.94052067,1.082399701,0.94052067,0.897431571,1.021891677,-0.050552244,0.121,
49.5,45.5,0,0,0,5,0,1.7176,0.629465,6.97,0.937,0.72025,1.38275,1.64135,-40.8415,7.118136776,0.032863195,0.42287,25.87,54.952,25,2.916,4.113,4.718,97.2,S.F. Hsieh1998,,,,,,,,,,
49.5,40.5,0,0,0,10,0,1.7071,0.646815,6.97,0.9355,0.72525,1.39025,1.65635,-45.7065,7.851807328,0.04189508,0.43792,26.77,57.162,25,2.952,4.094,4.746,97.43,S.F. Hsieh1998,,,,,,,,,,
49.5,35.5,0,0,0,15,0,1.6966,0.664165,6.97,0.934,0.73025,1.39775,1.67135,-49.5915,8.316511469,0.048562409,0.45297,27.67,59.372,25,2.976,4.092,4.79,97.53,S.F. Hsieh1998,,,,,,,,,,
49.5,30.5,0,0,0,20,0,1.6861,0.681515,6.97,0.9325,0.73525,1.40525,1.68635,-52.4965,8.581217126,0.05377273,0.46802,28.57,61.582,25,2.992,4.08,4.858,98.5,S.F. Hsieh1998,,,,,,,,,,
49.5,45.5,0,0,0,5,0,1.7176,0.629465,6.97,0.937,0.72025,1.38275,1.64135,-40.8415,7.118136776,0.032863195,0.42287,25.87,54.952,25,2.921,4.109,4.707,97.35,S.F. Hsieh1998,,,,,,,,,,
49.5,40.5,0,0,0,10,0,1.7071,0.646815,6.97,0.9355,0.72525,1.39025,1.65635,-45.7065,7.851807328,0.04189508,0.43792,26.77,57.162,25,2.932,4.081,4.736,97.49,S.F. Hsieh1998,,,,,,,,,,
50.3,29.7,20,0,0,0,0,1.68714,0.604931,7.018,0.9379,0.73285,1.40485,1.68819,-37.81554,8.547594342,0.053901151,0.474508,35.018,79.1348,25,3.0502,4.0908,4.8694,103.02,O. Benafan2021 ,3.0947,0.985620577,0.934705277,1.112607284,0.934705277,0.907735795,1.034652103,-0.001345505,0.118,
50.3,29.7,20,0,0,0,0,1.68714,0.604931,7.018,0.9379,0.73285,1.40485,1.68819,-37.81554,8.547594342,0.053901151,0.474508,35.018,79.1348,25,3.0508,4.0881,4.8774,103.12,O. Benafan2021 ,3.0944,0.985910031,0.934178914,1.114543244,0.934178914,0.907441731,1.034786604,-0.000282707,0.119,
50.3,29.7,20,0,0,0,0,1.68714,0.604931,7.018,0.9379,0.73285,1.40485,1.68819,-37.81554,8.547594342,0.053901151,0.474508,35.018,79.1348,25,3.0569,4.0929,4.8806,103.21,O. Benafan2021 ,3.0941,0.987977118,0.935366454,1.115382617,0.935366454,0.908205433,1.036747615,0.003473521,0.118,
50.3,29.7,20,0,0,0,0,1.68714,0.604931,7.018,0.9379,0.73285,1.40485,1.68819,-37.81554,8.547594342,0.053901151,0.474508,35.018,79.1348,25,3.0351,4.1108,4.8483,103.16,O. Benafan2021 ,3.0841,0.984112059,0.942503342,1.111593595,0.942503342,0.905228985,1.044296734,0.00395823,0.119,
50.3,29.7,20,0,0,0,0,1.68714,0.604931,7.018,0.9379,0.73285,1.40485,1.68819,-37.81554,8.547594342,0.053901151,0.474508,35.018,79.1348,25,3.05,4.0826,4.8768,103.23,O. Benafan2021 ,3.0947,0.98555595,0.932831662,1.114298107,0.932831662,0.90615273,1.034081073,-0.002750765,0.12,
50.3,29.7,20,0,0,0,0,1.68714,0.604931,7.018,0.9379,0.73285,1.40485,1.68819,-37.81554,8.547594342,0.053901151,0.474508,35.018,79.1348,25,3.0536,4.0816,4.8841,103.17,O. Benafan2021 ,3.0973,0.985890937,0.931820307,1.115029293,0.931820307,0.907079744,1.032531357,-0.002594522,0.12,
50.3,29.7,20,0,0,0,0,1.68714,0.604931,7.018,0.9379,0.73285,1.40485,1.68819,-37.81554,8.547594342,0.053901151,0.474508,35.018,79.1348,25,3.048,4.0853,4.8693,103.15,O. Benafan2021 ,3.0936,0.985259891,0.933780493,1.112980039,0.933780493,0.906394696,1.034560173,-0.002890513,0.12,
50.3,29.7,20,0,0,0,0,1.68714,0.604931,7.018,0.9379,0.73285,1.40485,1.68819,-37.81554,8.547594342,0.053901151,0.474508,35.018,79.1348,25,3.0495,4.0868,4.8772,103.11,O. Benafan2021 ,3.0936,0.985744763,0.934123349,1.114785749,0.934123349,0.907471472,1.03465338,-0.000251619,0.119,
50.3,29.7,20,0,0,0,0,1.68714,0.604931,7.018,0.9379,0.73285,1.40485,1.68819,-37.81554,8.547594342,0.053901151,0.474508,35.018,79.1348,25,3.0468,4.0807,4.8612,103.2,O. Benafan2021 ,3.0927,0.985158599,0.933000499,1.111451963,0.933000499,0.905543307,1.034053704,-0.005396737,0.121,
50.3,29.7,20,0,0,0,0,1.68714,0.604931,7.018,0.9379,0.73285,1.40485,1.68819,-37.81554,8.547594342,0.053901151,0.474508,35.018,79.1348,25,3.0441,4.0824,4.8583,103.3,O. Benafan2021 ,3.0925,0.984349232,0.933449547,1.110860752,0.933449547,0.903961182,1.035266558,-0.006672747,0.122,
50.3,29.7,20,0,0,0,0,1.68714,0.604931,7.018,0.9379,0.73285,1.40485,1.68819,-37.81554,8.547594342,0.053901151,0.474508,35.018,79.1348,25,3.0539,4.0831,4.8788,103.3,O. Benafan2021 ,3.0938,0.987103239,0.933217305,1.115079373,0.933217305,0.906730767,1.035008985,-0.000359566,0.12,
50.3,29.7,20,0,0,0,0,1.68714,0.604931,7.018,0.9379,0.73285,1.40485,1.68819,-37.81554,8.547594342,0.053901151,0.474508,35.018,79.1348,25,3.0592,4.076,4.8886,103.5,O. Benafan2021 ,3.0962,0.988049868,0.930872437,1.116453139,0.930872437,0.905839856,1.033832378,-0.001516137,0.122,
50.3,29.7,20,0,0,0,0,1.68714,0.604931,7.018,0.9379,0.73285,1.40485,1.68819,-37.81554,8.547594342,0.053901151,0.474508,35.018,79.1348,25,3.0565,4.0836,4.8866,103.4,O. Benafan2021 ,3.0958,0.987305381,0.932728617,1.116140577,0.932728617,0.906184878,1.035180821,-0.000141609,0.121,
50.3,29.7,20,0,0,0,0,1.68714,0.604931,7.018,0.9379,0.73285,1.40485,1.68819,-37.81554,8.547594342,0.053901151,0.474508,35.018,79.1348,25,3.0478,4.0825,4.8714,103.2,O. Benafan2021 ,3.0937,0.985163397,0.933110332,1.113424047,0.933110332,0.905971549,1.034175434,-0.003509835,0.12,
50.3,29.7,20,0,0,0,0,1.68714,0.604931,7.018,0.9379,0.73285,1.40485,1.68819,-37.81554,8.547594342,0.053901151,0.474508,35.018,79.1348,25,3.0528,4.0782,4.8772,103.2,O. Benafan2021 ,3.0941,0.986652015,0.932007005,1.114605602,0.932007005,0.907233023,1.032952606,-0.002126339,0.12,
50.3,29.7,20,0,0,0,0,1.68714,0.604931,7.018,0.9379,0.73285,1.40485,1.68819,-37.81554,8.547594342,0.053901151,0.474508,35.018,79.1348,25,3.0466,4.0821,4.8712,103.3,O. Benafan2021 ,3.0937,0.984775512,0.933018907,1.113378334,0.933018907,0.904792432,1.034788946,-0.004449894,0.121,
50.3,29.7,20,0,0,0,0,1.68714,0.604931,7.018,0.9379,0.73285,1.40485,1.68819,-37.81554,8.547594342,0.053901151,0.474508,35.018,79.1348,25,3.0529,4.1029,4.8666,103.27,O. Benafan2021 ,3.0934,0.98690761,0.937863972,1.112434816,0.937863972,0.906297935,1.03994701,0.002160513,0.119,
50.3,29.7,20,0,0,0,0,1.68714,0.604931,7.018,0.9379,0.73285,1.40485,1.68819,-37.81554,8.547594342,0.053901151,0.474508,35.018,79.1348,25,3.0508,4.1148,4.8666,103.19,O. Benafan2021 ,3.0937,0.986133109,0.940492932,1.112326942,0.940492932,0.906481271,1.042285542,0.004413309,0.119,
50.3,29.7,20,0,0,0,0,1.68714,0.604931,7.018,0.9379,0.73285,1.40485,1.68819,-37.81554,8.547594342,0.053901151,0.474508,35.018,79.1348,25,3.0491,4.1172,4.8595,103.15,O. Benafan2021 ,3.0921,0.986093593,0.941528424,1.111278873,0.941528424,0.906590318,1.043144311,0.004695605,0.118,
50.3,29.7,20,0,0,0,0,1.68714,0.604931,7.018,0.9379,0.73285,1.40485,1.68819,-37.81554,8.547594342,0.053901151,0.474508,35.018,79.1348,25,3.0282,4.0835,4.8347,102.79,O. Benafan2021 ,3.0786,0.983628922,0.937916761,1.110455777,0.937916761,0.907991678,1.036547949,-0.000954641,0.117,
50.3,29.7,20,0,0,0,0,1.68714,0.604931,7.018,0.9379,0.73285,1.40485,1.68819,-37.81554,8.547594342,0.053901151,0.474508,35.018,79.1348,25,3.0539,4.0972,4.8658,103.25,O. Benafan2021 ,3.0934,0.987230879,0.936561034,1.112251948,0.936561034,0.906657451,1.038358757,0.001013832,0.119,
50.3,29.7,20,0,0,0,0,1.68714,0.604931,7.018,0.9379,0.73285,1.40485,1.68819,-37.81554,8.547594342,0.053901151,0.474508,35.018,79.1348,25,3.0557,4.0759,4.8848,103.25,O. Benafan2021 ,3.0973,0.986568947,0.93051901,1.115189102,0.93051901,0.906848023,1.031660006,-0.003486249,0.12,
50.3,29.7,20,0,0,0,0,1.68714,0.604931,7.018,0.9379,0.73285,1.40485,1.68819,-37.81554,8.547594342,0.053901151,0.474508,35.018,79.1348,25,3.0485,4.1407,4.8703,103.21,O. Benafan2021 ,3.0931,0.985580809,0.946596311,1.11338856,0.946596311,0.906155847,1.049194638,0.011246822,0.119,
50.3,29.7,20,0,0,0,0,1.68714,0.604931,7.018,0.9379,0.73285,1.40485,1.68819,-37.81554,8.547594342,0.053901151,0.474508,35.018,79.1348,25,3.0554,4.1037,4.8685,103.24,O. Benafan2021 ,3.0935,0.987683853,0.938016518,1.112833155,0.938016518,0.907180225,1.039900571,0.003594853,0.119,
50.3,29.7,20,0,0,0,0,1.68714,0.604931,7.018,0.9379,0.73285,1.40485,1.68819,-37.81554,8.547594342,0.053901151,0.474508,35.018,79.1348,25,3.0444,4.0959,4.8445,103.2,O. Benafan2021 ,3.0917,0.984700974,0.936778687,1.107991979,0.936778687,0.904479155,1.038241107,-0.004940296,0.121,
50.3,29.7,20,0,0,0,0,1.68714,0.604931,7.018,0.9379,0.73285,1.40485,1.68819,-37.81554,8.547594342,0.053901151,0.474508,35.018,79.1348,25,3.0427,4.0982,4.845,103.2,O. Benafan2021 ,3.0911,0.984342144,0.937486659,1.108321424,0.937486659,0.904310873,1.03902576,-0.004255175,0.121,
50.3,29.7,20,0,0,0,0,1.68714,0.604931,7.018,0.9379,0.73285,1.40485,1.68819,-37.81554,8.547594342,0.053901151,0.474508,35.018,79.1348,25,3.0549,4.0917,4.8721,103.3,O. Benafan2021 ,3.0957,0.986820428,0.934608914,1.112864602,0.934608914,0.906059672,1.036552385,-0.001143613,0.12,
50.3,29.7,20,0,0,0,0,1.68714,0.604931,7.018,0.9379,0.73285,1.40485,1.68819,-37.81554,8.547594342,0.053901151,0.474508,35.018,79.1348,25,3.0591,4.0791,4.8902,103.5,O. Benafan2021 ,3.0964,0.987953753,0.93152024,1.116746409,0.93152024,0.905838925,1.034551832,-0.000656041,0.121,
50.3,29.7,20,0,0,0,0,1.68714,0.604931,7.018,0.9379,0.73285,1.40485,1.68819,-37.81554,8.547594342,0.053901151,0.474508,35.018,79.1348,25,3.0565,4.0886,4.8824,103.5,O. Benafan2021 ,3.0956,0.987369169,0.933930994,1.115253311,0.933930994,0.90512214,1.03722923,-1.41E-06,0.121,
50.3,29.7,20,0,0,0,0,1.68714,0.604931,7.018,0.9379,0.73285,1.40485,1.68819,-37.81554,8.547594342,0.053901151,0.474508,35.018,79.1348,25,3.046,4.0901,4.8568,103.2,O. Benafan2021 ,3.0924,0.984995473,0.935240411,1.110553685,0.935240411,0.905238237,1.036536221,-0.003979654,0.12,
50.3,29.7,20,0,0,0,0,1.68714,0.604931,7.018,0.9379,0.73285,1.40485,1.68819,-37.81554,8.547594342,0.053901151,0.474508,35.018,79.1348,25,3.0444,4.0876,4.8556,103.2,O. Benafan2021 ,3.0934,0.984159824,0.934366612,1.109920375,0.934366612,0.904537413,1.035567782,-0.006321435,0.121,
50.3,29.7,20,0,0,0,0,1.68714,0.604931,7.018,0.9379,0.73285,1.40485,1.68819,-37.81554,8.547594342,0.053901151,0.474508,35.018,79.1348,25,3.0457,4.0903,4.8547,103.3,O. Benafan2021 ,3.0926,0.984834767,0.935225657,1.110001711,0.935225657,0.904100197,1.0372364,-0.005061802,0.122,
50,50,0,0,0,0,0,1.73,0.6175,7,0.94,0.715,1.375,1.625,-35,5.762825659,0.018181818,0.407,25,52.8,25,2.89,4.12,4.63,96.8,Vladimir2019,3.015,0.95854063,0.966262003,1.085872105,0.966262003,0.932583231,1.021866711,-0.001338591,0.078,
50.6,49.4,0,0,0,0,0,1.73228,0.623962,7.036,0.9418,0.7147,1.3747,1.62338,-34.99496,5.762227037,0.018184477,0.406016,25.036,52.8696,25,2.876,4.132,4.622,97,Vladimir2019,3.013,0.954530368,0.969719622,1.084715414,0.969719622,0.92775179,1.027110866,-0.003442287,0.083,
49,50,0,1,0,0,0,1.7296,0.61255,6.99,0.9395,0.7171,1.375,1.6253,-34.86,6.170374253,0.018181818,0.40719,24.99,52.803,25,2.882,4.115,4.644,97.3,Vladimir2019,3.014,0.95620438,0.965409557,1.089516885,0.965409557,0.927707341,1.024910636,-0.002387816,0.084,
46,50,0,4,0,0,0,1.7284,0.5977,6.96,0.938,0.7234,1.375,1.6262,-34.44,6.921669938,0.018181818,0.40776,24.96,52.812,25,2.874,4.108,4.63,97.2,Vladimir2019,3.013,0.953866578,0.964087175,1.086592896,0.964087175,0.926081243,1.022720303,-0.00863705,0.085,
45,50,0,5,0,0,0,1.728,0.59275,6.95,0.9375,0.7255,1.375,1.6265,-34.3,7.11419558,0.018181818,0.40795,24.95,52.815,25,2.871,4.104,4.697,97.1,Vladimir2019,3.012,0.953187251,0.963468204,1.102682786,0.963468204,0.927906503,1.021276967,0.004900762,0.084,
45,50,0,0,5,0,0,1.729,0.6211,7.05,0.9455,0.717,1.375,1.623,-32.04,7.11419558,0.018181818,0.40635,25.05,53.045,-190,2.903,4.147,4.613,96.2,Vladimir2019,3.027,0.959035349,0.968738626,1.077596162,0.968738626,0.935981942,1.019709277,-0.004710081,0.074,
42.5,50,0,0,7.5,0,0,1.7285,0.6229,7.075,0.94825,0.718,1.375,1.622,-30.59,7.520027337,0.018181818,0.406025,25.075,53.1675,-190,2.907,4.17,4.596,95.5,Vladimir2019,3.03,0.959405941,0.973146956,1.072561969,0.973146956,0.940186612,1.018716037,-0.003220257,0.068,
40,50,0,0,10,0,0,1.728,0.6247,7.1,0.951,0.719,1.375,1.621,-29.16,7.842998534,0.018181818,0.4057,25.1,53.29,-190,2.872,4.192,4.577,95.2,Vladimir2019,3.031,0.947542065,0.977958306,1.067775565,0.977958306,0.931153156,1.021314678,-0.014610918,0.075,
50,47,0,0,0,3,0,1.7237,0.62791,7,0.9391,0.718,1.3795,1.634,-38.6036,6.70632965,0.028119686,0.41603,25.54,54.126,77,2.92,4.114,4.67,97.8,Vladimir2019,,,,,,,,,,
50,45,0,0,0,5,0,1.7195,0.63485,7,0.9385,0.72,1.3825,1.64,-40.81,7.11419558,0.032899467,0.42205,25.9,55.01,77,2.93,4.11,4.72,98.5,Vladimir2019,,,,,,,,,,
50,40,0,0,0,10,0,1.709,0.6522,7,0.937,0.725,1.39,1.655,-45.64,7.842998534,0.041949294,0.4371,26.8,57.22,102,2.98,4.1,4.78,100.3,Vladimir2019,,,,,,,,,,
50,35,0,0,0,15,0,1.6985,0.66955,7,0.9355,0.73,1.3975,1.67,-49.49,8.302188563,0.048630688,0.45215,27.7,59.43,182,3.03,4.09,4.87,101.8,Vladimir2019,,,,,,,,,,
50,32,0,0,0,18,0,1.6922,0.67996,7,0.9346,0.733,1.402,1.679,-51.3296,8.479085095,0.051907005,0.46118,28.24,60.756,237,3.05,4.08,4.92,102.5,Vladimir2019,,,,,,,,,,
50,30,0,0,0,20,0,1.688,0.6869,7,0.934,0.735,1.405,1.685,-52.36,8.560535159,0.053853188,0.4672,28.6,61.64,282,3.07,4.08,4.95,103.7,Vladimir2019,,,,,,,,,,
50,38,12,0,0,0,0,1.7036,0.60802,7,0.9382,0.7258,1.393,1.6634,-36.68,8.05366492,0.044837032,0.4478,31,68.58,132,3.006,4.116,4.803,101.2,Vladimir2019,,,,,,,,,,
50,35,15,0,0,0,0,1.697,0.60565,7,0.93775,0.7285,1.3975,1.673,-37.1,8.302188563,0.048630688,0.458,32.5,72.525,177,3.025,4.096,4.826,102,Vladimir2019,,,,,,,,,,
50,32,18,0,0,0,0,1.6904,0.60328,7,0.9373,0.7312,1.402,1.6826,-37.52,8.479085095,0.051907005,0.4682,34,76.47,227,3.051,4.09,4.85,102.5,Vladimir2019,,,,,,,,,,
50,30,20,0,0,0,0,1.686,0.6017,7,0.937,0.733,1.405,1.689,-37.8,8.560535159,0.053853188,0.475,35,79.1,247,3.063,4.083,4.89,103,Vladimir2019,,,,,,,,,,
50,50,0,0,0,0,0,1.73,0.6175,7,0.94,0.715,1.375,1.625,-35,5.762825659,0.018181818,0.407,25,52.8,25,2.889,4.12,4.622,96.8,K. Otsuka2005,,,,,,,,,,
50,50,0,0,0,0,0,1.73,0.6175,7,0.94,0.715,1.375,1.625,-35,5.762825659,0.018181818,0.407,25,52.8,25,2.883,4.117,4.623,96.8,K. Otsuka2005,,,,,,,,,,
50,50,0,0,0,0,0,1.73,0.6175,7,0.94,0.715,1.375,1.625,-35,5.762825659,0.018181818,0.407,25,52.8,25,2.885,4.12,4.622,96.8,K. Otsuka2005,,,,,,,,,,
50,50,0,0,0,0,0,1.73,0.6175,7,0.94,0.715,1.375,1.625,-35,5.762825659,0.018181818,0.407,25,52.8,25,2.898,4.108,4.646,96.78,K. Otsuka2005,,,,,,,,,,
47,53,0,0,0,0,0,1.7186,0.58519,6.82,0.931,0.7165,1.3765,1.6331,-34.874,5.747851467,0.018129284,0.41192,24.82,52.452,-196,2.896,4.0992,4.6767,98.55,S.D. Prokoshkin2008,,,,,,,,,,
50,50,0,0,0,0,0,1.73,0.6175,7,0.94,0.715,1.375,1.625,-35,5.762825659,0.018181818,0.407,25,52.8,-196,2.896,4.0992,4.6695,98.13,S.D. Prokoshkin2008,,,,,,,,,,
50.7,49.3,0,0,0,0,0,1.73266,0.625039,7.042,0.9421,0.71465,1.37465,1.62311,-34.99314,5.762010861,0.018184665,0.405852,25.042,52.8812,-196,2.876,4.1175,4.643,97.31,S.D. Prokoshkin2008,,,,,,,,,,
51.7,48.3,0,0,0,0,0,1.73646,0.635809,7.102,0.9451,0.71415,1.37415,1.62041,-34.95954,5.758019241,0.018182546,0.404212,25.102,52.9972,-196,2.8714,4.1214,4.6377,97.12,S.D. Prokoshkin2008,,,,,,,,,,
47,53,0,0,0,0,0,1.7186,0.58519,6.82,0.931,0.7165,1.3765,1.6331,-34.874,5.747851467,0.018129284,0.41192,24.82,52.452,66,2.9041,4.1212,4.6455,97.87,S.D. Prokoshkin2008,3.0182,0.962196011,0.965518676,1.088352181,0.965518676,0.928470678,1.029500965,0.001575759,0.085,
50,50,0,0,0,0,0,1.73,0.6175,7,0.94,0.715,1.375,1.625,-35,5.762825659,0.018181818,0.407,25,52.8,68,2.9011,4.1277,4.6496,97.34,S.D. Prokoshkin2008,3.0182,0.961202041,0.967041502,1.089312733,0.967041502,0.931549131,1.026958487,0.004243169,0.081,
50.7,49.3,0,0,0,0,0,1.73266,0.625039,7.042,0.9421,0.71465,1.37465,1.62311,-34.99314,5.762010861,0.018184665,0.405852,25.042,52.8812,-20,2.8806,4.1308,4.6251,96.85,S.D. Prokoshkin2008,3.0104,0.956882806,0.970275276,1.086380406,0.970275276,0.930917461,1.026508344,0.001438868,0.08,
51.7,48.3,0,0,0,0,0,1.73646,0.635809,7.102,0.9451,0.71415,1.37415,1.62041,-34.95954,5.758019241,0.018182546,0.404212,25.102,52.9972,-60,2.8741,4.1302,4.6233,96.75,S.D. Prokoshkin2008,3.0058,0.95618471,0.971619012,1.087619529,0.971619012,0.931125509,1.027133838,0.003445948,0.079,
48,49,3,0,0,0,0,1.7158,0.59359,6.88,0.93355,0.7187,1.3805,1.64,-35.3472,6.709758711,0.028005793,0.42048,26.38,56.513,25,2.923,4.097,4.836,100.04,Yunxiang Tong2009,,,,,,,,,,
46,49,5,0,0,0,0,1.7038,0.57047,6.76,0.92725,0.7215,1.3845,1.6518,-35.42,7.121201244,0.032580862,0.43056,27.26,58.911,25,2.918,4.099,4.852,100.4,Yunxiang Tong2009,,,,,,,,,,
44,49,7,0,0,0,0,1.6918,0.54735,6.64,0.92095,0.7243,1.3885,1.6636,-35.3584,7.457001947,0.036316664,0.44064,28.14,61.309,25,2.937,4.108,4.845,99.89,Yunxiang Tong2009,,,,,,,,,,
41,49,10,0,0,0,0,1.6738,0.51267,6.46,0.9115,0.7285,1.3945,1.6813,-35.014,7.859682994,0.040848123,0.45576,29.46,64.906,25,2.951,4.116,4.85,99.66,Yunxiang Tong2009,,,,,,,,,,
36,49,15,0,0,0,0,1.6438,0.45487,6.16,0.89575,0.7355,1.4045,1.7108,-33.768,8.329828957,0.046442467,0.48096,31.66,70.901,25,2.976,4.117,4.865,99.32,Yunxiang Tong2009,,,,,,,,,,
49.8,42.2,8,0,0,0,0,1.71164,0.609026,6.988,0.9382,0.7223,1.3871,1.65114,-36.11496,7.593359668,0.038679614,0.434528,28.988,63.2968,25,2.986,4.097,4.724,99.9457,P.L. Potapov1997,,,,,,,,,,
49.8,40.7,9.5,0,0,0,0,1.70834,0.607841,6.988,0.937975,0.72365,1.38935,1.65594,-36.32412,7.787484103,0.041152947,0.439628,29.738,65.2693,25,2.986,4.097,4.749,99.9542,P.L. Potapov1997,3.056648,0.9768871,0.94777563,1.098605434,0.94777563,0.925302952,1.026428713,0.001853418,0.095,
49.8,39.2,11,0,0,0,0,1.70504,0.606656,6.988,0.93775,0.725,1.3916,1.66074,-36.53328,7.957237607,0.04341089,0.444728,30.488,67.2418,25,3.002,4.095,4.775,100.214,P.L. Potapov1997,,,,,,,,,,
49.8,35.2,15,0,0,0,0,1.69624,0.603496,6.988,0.93715,0.7286,1.3976,1.67354,-37.09104,8.308038635,0.048603461,0.458328,32.488,72.5018,25,3.025,4.099,4.826,101.9933,P.L. Potapov1997,3.081993,0.981507745,0.940440389,1.107237209,0.940440389,0.912928908,1.033542408,-0.00027429,0.111,
49.8,30.2,20,0,0,0,0,1.68524,0.599546,6.988,0.9364,0.7331,1.4051,1.68954,-37.78824,8.568940563,0.053821083,0.475328,34.988,79.0768,25,3.064,4.085,4.89,103.0256,P.L. Potapov1997,3.107,0.986160283,0.92968497,1.112890943,0.92968497,0.908112334,1.029134968,-0.005934471,0.119,
49.8,25.2,25,0,0,0,0,1.67424,0.595596,6.988,0.93565,0.7376,1.4126,1.70554,-38.48544,8.655664504,0.057993882,0.492328,37.488,85.6518,25,3.101,4.074,4.94,104.7606,P.L. Potapov1997,,,,,,,,,,
47.5,47.5,5,0,0,0,0,1.7095,0.586625,6.85,0.93175,0.72075,1.38375,1.64775,-35.5775,7.125140109,0.03270798,0.4281,27.35,59.085,25,2.8204,3.9816,4.6314,100.9816,Mehrdad2008,,,,,,,,,,
45,45,10,0,0,0,0,1.689,0.55575,6.7,0.9235,0.7265,1.3925,1.6705,-35.91,7.889282934,0.041370623,0.4492,29.7,65.37,25,2.8717,4.0043,4.6598,101.0043,Mehrdad2008,,,,,,,,,,
42.5,42.5,15,0,0,0,0,1.6685,0.524875,6.55,0.91525,0.73225,1.40125,1.69325,-35.9975,8.412805166,0.047531014,0.4703,32.05,71.655,25,2.9001,4.041,4.6948,101.041,Mehrdad2008,,,,,,,,,,
40,40,20,0,0,0,0,1.648,0.494,6.4,0.907,0.738,1.41,1.716,-35.84,8.770606277,0.052116803,0.4914,34.4,77.94,25,2.9383,4.0899,4.7581,101.0899,Mehrdad2008,,,,,,,,,,
45,50,5,0,0,0,0,1.7,0.5597,6.7,0.92425,0.722,1.385,1.6545,-35.28,7.11419558,0.032490975,0.4322,27.2,58.795,25,2.8235,4.0696,4.663,101.0696,Mehrdad2008,,,,,,,,,,
40,50,10,0,0,0,0,1.67,0.5019,6.4,0.9085,0.729,1.395,1.684,-34.72,7.842998534,0.04070902,0.4574,29.4,64.79,25,2.9011,4.1063,4.7197,101.1063,Mehrdad2008,,,,,,,,,,
35,50,15,0,0,0,0,1.64,0.4441,6.1,0.89275,0.736,1.405,1.7135,-33.32,8.302188563,0.046263345,0.4826,31.6,70.785,25,2.996,4.1159,4.7688,101.1159,Mehrdad2008,,,,,,,,,,
30,50,20,0,0,0,0,1.61,0.3863,5.8,0.877,0.743,1.415,1.743,-31.08,8.560535159,0.050096985,0.5078,33.8,76.78,25,3.0789,4.1247,4.8724,101.1247,Mehrdad2008,,,,,,,,,,
50,45,5,0,0,0,0,1.719,0.61355,7,0.93925,0.7195,1.3825,1.641,-35.7,7.11419558,0.032899467,0.424,27.5,59.375,25,2.8596,4.1602,4.7806,101.1602,Mehrdad2008,,,,,,,,,,
50,40,10,0,0,0,0,1.708,0.6096,7,0.9385,0.724,1.39,1.657,-36.4,7.842998534,0.041949294,0.441,30,65.95,25,2.9261,4.1193,4.8276,101.1193,Mehrdad2008,,,,,,,,,,
50,35,15,0,0,0,0,1.697,0.60565,7,0.93775,0.7285,1.3975,1.673,-37.1,8.302188563,0.048630688,0.458,32.5,72.525,25,3.1093,4.109,4.8702,101.109,Mehrdad2008,,,,,,,,,,
50,30,20,0,0,0,0,1.686,0.6017,7,0.937,0.733,1.405,1.689,-37.8,8.560535159,0.053853188,0.475,35,79.1,25,3.2118,4.0498,4.9127,101.0498,Mehrdad2008,,,,,,,,,,
50,30,0,0,0,20,0,1.688,0.6869,7,0.934,0.735,1.405,1.685,-52.36,8.560535159,0.053853188,0.4672,28.6,61.64,25,3.076,4.079,4.946,103.689,A. Evirgen2016,3.112,0.988431877,0.926827944,1.123827166,0.926827944,0.905946281,1.030677521,0.000300458,0.123,
50,30,20,0,0,0,0,1.686,0.6017,7,0.937,0.733,1.405,1.689,-37.8,8.560535159,0.053853188,0.475,35,79.1,25,3.052,4.089,4.887,103.072,A. Evirgen2016,3.1,0.984516129,0.932696654,1.114719626,0.932696654,0.906963193,1.032801123,-0.0029281,0.119,
50,40.5,9.5,0,0,0,0,1.7091,0.609995,7,0.938575,0.72355,1.38925,1.6554,-36.33,7.784054523,0.041173908,0.4393,29.75,65.2925,25,2.987,4.095,4.75,99.99,A. Evirgen2016,3.052,0.97870249,0.948755658,1.100510226,0.948755658,0.926701457,1.027759593,0.006384577,0.094,
50,35,15,0,0,0,0,1.697,0.60565,7,0.93775,0.7285,1.3975,1.673,-37.1,8.302188563,0.048630688,0.458,32.5,72.525,25,3.025,4.096,4.826,102.04,A. Evirgen2016,3.075,0.983739837,0.941889228,1.109755228,0.941889228,0.914593618,1.035476244,0.00565062,0.109,
50,30,20,0,0,0,0,1.686,0.6017,7,0.937,0.733,1.405,1.689,-37.8,8.560535159,0.053853188,0.475,35,79.1,25,3.063,4.083,4.889,103.06,A. Evirgen2016,3.098,0.988702389,0.931929305,1.115895756,0.931929305,0.910170257,1.031865562,0.001592037,0.117,
45,50,0,0,5,0,0,1.729,0.6211,7.05,0.9455,0.717,1.375,1.623,-32.04,7.11419558,0.018181818,0.40635,25.05,53.045,25,2.903,4.147,4.613,96.22,A. Evirgen2016,3.027,0.959035349,0.968738626,1.077596162,0.968738626,0.935851772,1.019868948,-0.004747884,0.074,
42.5,50,0,0,7.5,0,0,1.7285,0.6229,7.075,0.94825,0.718,1.375,1.622,-30.59,7.520027337,0.018181818,0.406025,25.075,53.1675,25,2.907,4.17,4.596,95.487,A. Evirgen2016,3.03,0.959405941,0.973146956,1.072561969,0.973146956,0.94026703,1.018611054,-0.003198506,0.068,
40,50,0,0,10,0,0,1.728,0.6247,7.1,0.951,0.719,1.375,1.621,-29.16,7.842998534,0.018181818,0.4057,25.1,53.29,25,2.872,4.192,4.577,95.204,A. Evirgen2016,3.031,0.947542065,0.977958306,1.067775565,0.977958306,0.931130354,1.02134723,-0.014617181,0.075,
50,50,0,0,0,0,0,1.73,0.6175,7,0.94,0.715,1.375,1.625,-35,5.762825659,0.018181818,0.407,25,52.8,25,2.847,4.116,4.672,97.8,Joohwi Lee2019,,,,,,,,,,
50,50,0,0,0,0,0,1.73,0.6175,7,0.94,0.715,1.375,1.625,-35,5.762825659,0.018181818,0.407,25,52.8,25,2.933,4.108,4.678,98.3,Joohwi Lee2020,,,,,,,,,,
50,50,0,0,0,0,0,1.73,0.6175,7,0.94,0.715,1.375,1.625,-35,5.762825659,0.018181818,0.407,25,52.8,25,2.889,4.12,4.622,96.8,Joohwi Lee2021,,,,,,,,,,
50,50,0,0,0,0,0,1.73,0.6175,7,0.94,0.715,1.375,1.625,-35,5.762825659,0.018181818,0.407,25,52.8,25,2.898,4.108,4.646,97.8,Joohwi Lee2022,,,,,,,,,,
50,50,0,0,0,0,0,1.73,0.6175,7,0.94,0.715,1.375,1.625,-35,5.762825659,0.018181818,0.407,25,52.8,25,2.909,4.114,4.657,97.9,Joohwi Lee2023,,,,,,,,,,
49,33,0,0,0,18,0,1.6884,0.66919,6.94,0.9316,0.7335,1.4025,1.6817,-51.5676,8.514066668,0.051754835,0.46282,28.18,60.64,25,3.189,4.122,5.04,102.49,L. Peltier2020,,,,,,,,,,
50,30,0,0,0,20,0,1.688,0.6869,7,0.934,0.735,1.405,1.685,-52.36,8.560535159,0.053853188,0.4672,28.6,61.64,25,3.077,4.075,4.925,103.93,L. Peltier2020,,,,,,,,,,
50,45,0,0,0,5,0,1.7195,0.63485,7,0.9385,0.72,1.3825,1.64,-40.81,7.11419558,0.032899467,0.42205,25.9,55.01,25,2.94,4.116,4.671,98.09,B. Bertheville2005,,,,,,,,,,
50,46,0,0,0,4,0,1.7216,0.63138,7,0.9388,0.719,1.381,1.637,-39.7264,6.921669938,0.030627496,0.41904,25.72,54.568,25,2.958,4.107,4.704,98.6292,Mohammed2013,,,,,,,,,,
50,45,0,0,0,5,0,1.7195,0.63485,7,0.9385,0.72,1.3825,1.64,-40.81,7.11419558,0.032899467,0.42205,25.9,55.01,25,2.995,4.080622,4.702,97.9385,Mohammed2013,,,,,,,,,,
50,40,0,0,0,10,0,1.709,0.6522,7,0.937,0.725,1.39,1.655,-45.64,7.842998534,0.041949294,0.4371,26.8,57.22,25,3.007,4.078606,4.789,100.8372,Mohammed2013,,,,,,,,,,
50,38,0,0,0,12,0,1.7048,0.65914,7,0.9364,0.727,1.393,1.661,-47.2976,8.05366492,0.044837032,0.44312,27.16,58.104,25,3.018,4.086787,4.815,101.5318,Mohammed2013,,,,,,,,,,
50,35,0,0,0,15,0,1.6985,0.66955,7,0.9355,0.73,1.3975,1.67,-49.49,8.302188563,0.048630688,0.45215,27.7,59.43,25,3.041,4.079234,4.86,102.373,Mohammed2013,,,,,,,,,,
50,30,0,0,0,20,0,1.688,0.6869,7,0.934,0.735,1.405,1.685,-52.36,8.560535159,0.053853188,0.4672,28.6,61.64,25,3.08,4.071975,4.937,103.9715,Mohammed2013,,,,,,,,,,
45,50,0,0,5,0,0,1.729,0.6211,7.05,0.9455,0.717,1.375,1.623,-32.04,7.11419558,0.018181818,0.40635,25.05,53.045,25,2.927,4.074,4.799,103.21,Liangliang2014,,,,,,,,,,
37.5,50,0,0,12.5,0,0,1.7275,0.6265,7.125,0.95375,0.72,1.375,1.62,-27.75,8.100452855,0.018181818,0.405375,25.125,53.4125,25,2.896,4.16,4.698,99.29,Liangliang2014,,,,,,,,,,
37.5,50,0,0,12.5,0,0,1.7275,0.6265,7.125,0.95375,0.72,1.375,1.62,-27.75,8.100452855,0.018181818,0.405375,25.125,53.4125,25,2.896,4.16,4.698,99.57,Liangliang2014,,,,,,,,,,
35,50,0,0,15,0,0,1.727,0.6283,7.15,0.9565,0.721,1.375,1.619,-26.36,8.302188563,0.018181818,0.40505,25.15,53.535,25,2.8745,4.203,4.659,96.94,Liangliang2014,,,,,,,,,,
42,50,0,0,6,0,2,1.718,0.60196,7.02,0.9446,0.7153,1.376,1.624,-30.7616,7.964553699,0.018154064,0.40702,25.02,53.022,-130.233,2.8963927,4.1661,4.6216562,96.1908,Hui Zhang2022,,,,,,,,,,
42,50,0,0,6,0,2,1.718,0.60196,7.02,0.9446,0.7153,1.376,1.624,-30.7616,7.964553699,0.018154064,0.40702,25.02,53.022,-127.0158,2.8960185,4.1665,4.6206028,96.1466,Hui Zhang2022,,,,,,,,,,
42,50,0,0,6,0,2,1.718,0.60196,7.02,0.9446,0.7153,1.376,1.624,-30.7616,7.964553699,0.018154064,0.40702,25.02,53.022,-123.4682,2.8961969,4.1669,4.619905,96.1359,Hui Zhang2022,,,,,,,,,,
42,50,0,0,6,0,2,1.718,0.60196,7.02,0.9446,0.7153,1.376,1.624,-30.7616,7.964553699,0.018154064,0.40702,25.02,53.022,-120.0856,2.8963756,4.1678,4.6192067,96.1084,Hui Zhang2022,,,,,,,,,,
42,50,0,0,6,0,2,1.718,0.60196,7.02,0.9446,0.7153,1.376,1.624,-30.7616,7.964553699,0.018154064,0.40702,25.02,53.022,-116.5378,2.896462,4.1679,4.6186862,96.0949,Hui Zhang2022,,,,,,,,,,
42,50,0,0,6,0,2,1.718,0.60196,7.02,0.9446,0.7153,1.376,1.624,-30.7616,7.964553699,0.018154064,0.40702,25.02,53.022,-113.1554,2.8963642,4.1684,4.6178106,96.0572,Hui Zhang2022,,,,,,,,,,
42,50,0,0,6,0,2,1.718,0.60196,7.02,0.9446,0.7153,1.376,1.624,-30.7616,7.964553699,0.018154064,0.40702,25.02,53.022,-109.6902,2.8966347,4.1687,4.6172898,96.0391,Hui Zhang2022,,,,,,,,,,
42,50,0,0,6,0,2,1.718,0.60196,7.02,0.9446,0.7153,1.376,1.624,-30.7616,7.964553699,0.018154064,0.40702,25.02,53.022,-106.3074,2.8969056,4.1697,4.6167688,96.0344,Hui Zhang2022,,,,,,,,,,
42,50,0,0,6,0,2,1.718,0.60196,7.02,0.9446,0.7153,1.376,1.624,-30.7616,7.964553699,0.018154064,0.40702,25.02,53.022,-101.1099,2.8969892,4.17,4.6155445,95.9962,Hui Zhang2022,,,,,,,,,,
42,50,0,0,6,0,2,1.718,0.60196,7.02,0.9446,0.7153,1.376,1.624,-30.7616,7.964553699,0.018154064,0.40702,25.02,53.022,-97.6446,2.8968912,4.1712,4.6150237,95.9724,Hui Zhang2022,,,,,,,,,,
42,50,0,0,6,0,2,1.718,0.60196,7.02,0.9446,0.7153,1.376,1.624,-30.7616,7.964553699,0.018154064,0.40702,25.02,53.022,-94.0968,2.8973461,4.1717,4.6145032,95.9692,Hui Zhang2022,,,,,,,,,,
42,50,0,0,6,0,2,1.718,0.60196,7.02,0.9446,0.7153,1.376,1.624,-30.7616,7.964553699,0.018154064,0.40702,25.02,53.022,-90.7146,2.8974326,4.1724,4.61345031,95.9342,Hui Zhang2022,,,,,,,,,,
